{"cameraMode":{"drawMode":0,"name":"Shaded","section":"Shading Mode"},"sceneLighting":true,"audioPlay":false,"sceneViewState":{"showFog":true,"showMaterialUpdate":false,"showSkybox":true,"showFlares":true,"showImageEffects":true,"showParticleSystems":true},"in2DMode":false,"pivot":{"x":22.426593780517579,"y":2.236663818359375,"z":-44.511348724365237},"rotation":{"x":0.7092217803001404,"y":0.0021146342623978855,"z":-0.002127517946064472,"w":0.7049791216850281},"size":90.41213989257813,"orthographic":false}